"school_id","year","female","male"
"0010111","201314",140,158
"0010111","201415",129,146
"0010111","201516",118,132
"0020311","201314",288,278
"0020311","201415",286,311
"0020311","201516",287,308
"0020811","201314",308,353
"0020811","201415",318,362
"0020811","201516",340,348
"0025111","201314",227,266
"0025111","201415",240,258
"0025111","201516",204,242
"0026111","201314",268,334
"0026111","201415",276,308
"0026111","201516",274,323
"0030111","201314",205,218
"0030111","201415",204,211
"0030111","201516",194,203
"0040311","201314",272,301
"0040311","201415",264,282
"0040311","201516",236,261
"0040411","201314",315,279
"0040411","201415",308,268
"0040411","201516",302,297
"0040511","201314",260,303
"0040511","201415",243,309
"0040511","201516",272,278
"0045111","201314",301,283
"0045111","201415",289,259
"0045111","201516",256,289
"0046111","201314",552,505
"0046111","201415",528,523
"0046111","201516",526,512
"0050111","201314",127,161
"0050111","201415",135,160
"0050111","201516",130,125
"0070111","201314",115,136
"0070111","201415",112,113
"0070111","201516",118,120
"0070411","201314",231,283
"0070411","201415",232,272
"0070411","201516",246,257
"0070511","201314",276,286
"0070511","201415",254,293
"0070511","201516",232,265
"0075111","201314",301,390
"0075111","201415",308,394
"0075111","201516",303,369
"0076111","201314",444,489
"0076111","201415",439,479
"0076111","201516",445,508
"0080111","201314",199,237
"0080111","201415",187,220
"0080111","201516",191,192
"0090111","201314",263,293
"0090111","201415",247,299
"0090111","201516",243,318
"0090411","201314",204,207
"0090411","201415",209,204
"0090411","201516",204,216
"0090511","201314",201,216
"0090511","201415",187,199
"0090511","201516",202,224
"0095111","201314",312,360
"0095111","201415",320,375
"0095111","201516",317,341
"0096111","201314",452,481
"0096111","201415",432,457
"0096111","201516",425,472
"0110511","201314",105,126
"0110511","201415",118,130
"0110511","201516",131,123
"0110611","201314",162,156
"0110611","201415",181,164
"0110611","201516",181,154
"0110711","201314",104,112
"0110711","201415",94,114
"0110711","201516",104,116
"0110811","201314",157,164
"0110811","201415",154,167
"0110811","201516",142,180
"0115211","201314",93,120
"0115211","201415",90,124
"0115211","201516",89,104
"0116111","201314",269,286
"0116111","201415",246,292
"0116111","201516",221,295
"0116311","201314",133,87
"0116311","201415",137,83
"0116311","201516",126,92
"0116411","201314",6,7
"0116411","201415",6,7
"0116411","201516",NA,NA
"0120111","201314",260,268
"0120111","201415",258,262
"0120111","201516",252,255
"0126111","201314",170,164
"0126111","201415",157,161
"0126111","201516",163,144
"0130111","201314",119,124
"0130111","201415",103,106
"0130111","201516",97,104
"0141411","201314",178,242
"0141411","201415",166,247
"0141411","201516",180,244
"0141511","201314",196,204
"0141511","201415",186,202
"0141511","201516",178,188
"0141611","201314",182,192
"0141611","201415",169,186
"0141611","201516",161,188
"0145111","201314",479,463
"0145111","201415",462,454
"0145111","201516",470,442
"0146111","201314",513,537
"0146111","201415",475,486
"0146111","201516",447,467
"0150111","201314",301,325
"0150111","201415",286,349
"0150111","201516",283,335
"0150211","201314",192,184
"0150211","201415",180,190
"0150211","201516",170,184
"0150311","201314",188,218
"0150311","201415",189,224
"0150311","201516",216,253
"0150411","201314",188,225
"0150411","201415",186,220
"0150411","201516",185,200
"0150511","201314",419,467
"0150511","201415",421,440
"0150511","201516",420,432
"0150611","201314",167,62
"0150611","201415",240,108
"0150611","201516",348,141
"0150711","201314",114,137
"0150711","201415",123,151
"0150711","201516",120,150
"0150811","201314",86,149
"0150811","201415",120,236
"0150811","201516",166,328
"0151011","201314",433,471
"0151011","201415",447,473
"0151011","201516",414,422
"0151111","201314",140,135
"0151111","201415",126,136
"0151111","201516",115,125
"0151211","201314",149,183
"0151211","201415",144,158
"0151211","201516",156,159
"0151311","201314",184,203
"0151311","201415",182,189
"0151311","201516",167,184
"0151411","201314",530,643
"0151411","201415",541,663
"0151411","201516",535,661
"0151511","201314",86,150
"0151511","201415",130,235
"0151511","201516",175,317
"0151611","201314",44,72
"0151611","201415",93,140
"0151611","201516",113,157
"0151711","201314",272,219
"0151711","201415",251,214
"0151711","201516",257,226
"0152011","201314",243,296
"0152011","201415",237,296
"0152011","201516",230,282
"0152111","201314",172,168
"0152111","201415",189,182
"0152111","201516",206,187
"0152211","201314",323,332
"0152211","201415",326,353
"0152211","201516",283,366
"0152511","201314",400,439
"0152511","201415",424,460
"0152511","201516",418,473
"0152611","201314",266,298
"0152611","201415",275,287
"0152611","201516",306,317
"0153011","201314",252,262
"0153011","201415",247,244
"0153011","201516",252,251
"0153211","201314",409,434
"0153211","201415",393,431
"0153211","201516",373,421
"0153611","201314",341,344
"0153611","201415",303,349
"0153611","201516",319,354
"0153711","201314",248,263
"0153711","201415",253,265
"0153711","201516",245,261
"0153911","201314",193,220
"0153911","201415",180,206
"0153911","201516",183,214
"0154011","201314",517,610
"0154011","201415",513,601
"0154011","201516",503,628
"0154111","201314",153,150
"0154111","201415",191,186
"0154111","201516",204,212
"0154211","201314",328,409
"0154211","201415",348,421
"0154211","201516",334,364
"0154411","201314",106,198
"0154411","201415",138,249
"0154411","201516",88,136
"0154511","201314",223,199
"0154511","201415",222,192
"0154511","201516",228,180
"0154611","201314",258,191
"0154611","201415",263,194
"0154611","201516",264,196
"0156111","201314",490,630
"0156111","201415",441,567
"0156111","201516",418,533
"0156211","201314",922,916
"0156211","201415",849,824
"0156211","201516",765,752
"0156311","201314",562,543
"0156311","201415",535,599
"0156311","201516",513,547
"0170311","201314",171,184
"0170311","201415",168,172
"0170311","201516",164,176
"0170411","201415",34,40
"0170411","201516",26,37
"0170511","201314",425,465
"0170511","201415",432,460
"0170511","201516",467,460
"0171111","201314",237,266
"0171111","201415",257,272
"0171111","201516",250,241
"0171211","201314",252,252
"0171211","201415",223,220
"0171211","201516",222,214
"0171411","201314",206,218
"0171411","201415",207,215
"0171411","201516",233,218
"0171711","201314",227,210
"0171711","201415",201,181
"0171711","201516",190,182
"0171911","201314",178,219
"0171911","201415",193,203
"0171911","201516",194,201
"0172011","201314",460,485
"0172011","201415",446,473
"0172011","201516",457,465
"0175111","201314",342,376
"0175111","201415",351,409
"0175111","201516",324,380
"0175211","201314",223,230
"0175211","201415",219,211
"0175211","201516",203,219
"0176111","201314",592,650
"0176111","201415",567,613
"0176111","201516",560,607
"0176211","201314",627,672
"0176211","201415",614,633
"0176211","201516",597,624
"0180311","201314",185,195
"0180311","201415",165,169
"0180311","201516",175,193
"0180411","201314",301,323
"0180411","201415",291,308
"0180411","201516",280,297
"0185311","201314",440,419
"0185311","201415",430,452
"0185311","201516",417,438
"0186111","201314",458,443
"0186111","201415",467,428
"0186111","201516",445,435
"0190111","201314",265,280
"0190111","201415",261,275
"0190111","201516",239,282
"0195111","201314",170,204
"0195111","201415",185,188
"0195111","201516",199,178
"0210111","201314",41,36
"0210111","201415",41,37
"0210111","201516",38,38
"0220211","201314",110,115
"0220211","201415",120,123
"0220211","201516",119,142
"0225111","201314",94,139
"0225111","201415",99,129
"0225111","201516",95,135
"0230211","201314",245,245
"0230211","201415",230,219
"0230211","201516",237,214
"0230311","201314",224,210
"0230311","201415",202,208
"0230311","201516",195,205
"0235111","201314",140,125
"0235111","201415",143,129
"0235111","201516",151,133
"0236111","201314",225,274
"0236111","201415",231,254
"0236111","201516",247,241
"0240211","201314",91,92
"0240211","201415",78,100
"0240211","201516",79,97
"0250111","201314",158,140
"0250111","201415",180,170
"0250111","201516",170,174
"0250211","201314",129,164
"0250211","201415",69,101
"0250211","201516",53,94
"0250411","201314",367,373
"0250411","201415",372,396
"0250411","201516",358,393
"0250511","201314",224,205
"0250511","201415",230,217
"0250511","201516",222,223
"0250611","201314",269,260
"0250611","201415",266,236
"0250611","201516",251,229
"0255111","201314",361,386
"0255111","201415",387,368
"0255111","201516",378,341
"0256111","201314",737,801
"0256111","201415",701,811
"0256111","201516",696,785
"0260111","201314",127,101
"0260111","201415",129,90
"0260111","201516",122,89
"0270111","201314",129,167
"0270111","201415",139,176
"0270111","201516",158,154
"0270311","201314",310,328
"0270311","201415",276,280
"0270311","201516",256,266
"0275111","201314",235,227
"0275111","201415",224,237
"0275111","201516",214,238
"0276111","201314",283,275
"0276111","201415",281,269
"0276111","201516",271,262
"0280211","201314",281,333
"0280211","201415",278,307
"0280211","201516",259,272
"0280411","201314",266,285
"0280411","201415",262,280
"0280411","201516",278,292
"0285111","201314",334,334
"0285111","201415",305,321
"0285111","201516",293,307
"0286111","201314",481,419
"0286111","201415",467,419
"0286111","201516",429,406
"0290111","201314",45,54
"0290111","201415",39,52
"0290111","201516",37,47
"0300111","201314",231,236
"0300111","201415",224,229
"0300111","201516",212,233
"0310111","201314",42,63
"0310111","201415",35,56
"0310111","201516",33,59
"0320211","201314",190,187
"0320211","201415",169,194
"0320211","201516",157,191
"0320411","201314",195,182
"0320411","201415",192,176
"0320411","201516",195,170
"0325111","201314",186,207
"0325111","201415",203,182
"0325111","201516",202,195
"0326111","201314",270,248
"0326111","201415",246,244
"0326111","201516",232,233
"0330211","201314",215,253
"0330211","201415",225,241
"0330211","201516",229,248
"0330311","201314",225,252
"0330311","201415",222,259
"0330311","201516",229,251
"0335111","201314",228,226
"0335111","201415",217,238
"0335111","201516",214,233
"0336111","201314",272,277
"0336111","201415",276,290
"0336111","201516",282,296
"0340111","201314",57,82
"0340111","201415",53,77
"0340111","201516",60,81
"0340211","201314",237,232
"0340211","201415",209,249
"0340211","201516",218,252
"0340311","201415",177,223
"0340311","201516",236,260
"0340511","201314",207,205
"0340511","201415",169,165
"0340511","201516",177,173
"0340611","201314",208,260
"0340611","201415",184,187
"0340611","201516",184,173
"0340811","201314",220,213
"0340811","201415",274,289
"0340811","201516",276,319
"0341011","201314",172,203
"0341011","201415",184,185
"0341011","201516",194,184
"0341111","201314",178,178
"0341111","201415",173,182
"0341111","201516",162,192
"0341211","201314",195,221
"0341211","201415",235,262
"0341211","201516",249,271
"0341311","201314",209,208
"0341311","201415",192,198
"0341311","201516",202,207
"0341411","201314",201,234
"0341411","201415",196,233
"0341411","201516",201,231
"0341511","201314",169,207
"0341511","201415",175,200
"0341511","201516",164,204
"0341611","201314",218,214
"0341611","201415",231,241
"0341611","201516",233,263
"0341711","201314",192,178
"0341711","201415",181,185
"0341711","201516",184,185
"0341911","201314",222,201
"0341911","201415",234,179
"0341911","201516",222,168
"0345111","201314",542,550
"0345111","201415",558,525
"0345111","201516",512,527
"0345211","201314",603,597
"0345211","201415",472,460
"0345211","201516",476,462
"0346111","201314",NA,NA
"0346111","201415",NA,NA
"0346111","201516",NA,NA
"0346211","201314",44,39
"0346211","201415",42,56
"0346211","201516",40,54
"0350211","201314",268,297
"0350211","201415",273,283
"0350211","201516",246,255
"0350511","201314",208,244
"0350511","201415",200,242
"0350511","201516",205,228
"0350611","201314",244,248
"0350611","201415",253,240
"0350611","201516",254,225
"0350711","201314",228,226
"0350711","201415",250,223
"0350711","201516",242,220
"0351311","201314",208,250
"0351311","201415",204,245
"0351311","201516",210,248
"0355111","201314",547,581
"0355111","201415",530,595
"0355111","201516",546,621
"0356111","201314",671,683
"0356111","201415",673,692
"0356111","201516",656,700
"0360111","201314",167,163
"0360111","201415",155,157
"0360111","201516",144,160
"0370111","201516",13,20
"0370411","201314",184,194
"0370411","201415",179,191
"0370411","201516",160,168
"0370611","201314",190,186
"0370611","201415",176,189
"0370611","201516",173,174
"0375011","201314",187,177
"0375011","201415",169,170
"0375011","201516",158,174
"0376111","201314",186,195
"0376111","201415",176,196
"0376111","201516",147,197
"0390111","201314",74,78
"0390111","201415",66,73
"0390111","201516",64,70
"0400111","201314",88,106
"0400111","201415",115,107
"0400111","201516",104,102
"0400211","201314",95,112
"0400211","201415",77,108
"0400211","201516",96,106
"0405111","201314",109,99
"0405111","201415",114,97
"0405111","201516",101,95
"0406111","201314",120,139
"0406111","201415",127,130
"0406111","201516",128,136
"0410111","201314",167,159
"0410111","201415",156,163
"0410111","201516",152,157
"0415111","201314",226,262
"0415111","201415",213,242
"0415111","201516",200,231
"0416111","201314",192,180
"0416111","201415",185,166
"0416111","201516",173,148
"0420111","201314",305,321
"0420111","201415",308,297
"0420111","201516",321,316
"0420311","201314",138,157
"0420311","201415",132,151
"0420311","201516",144,153
"0425111","201314",197,226
"0425111","201415",204,228
"0425111","201516",201,232
"0426111","201314",286,234
"0426111","201415",273,229
"0426111","201516",270,245
"0430411","201314",145,156
"0430411","201415",142,156
"0430411","201516",137,161
"0430511","201314",167,155
"0430511","201415",170,167
"0430511","201516",166,170
"0430611","201314",176,188
"0430611","201415",180,184
"0430611","201516",181,175
"0430911","201314",137,159
"0430911","201415",131,153
"0430911","201516",147,165
"0431011","201314",261,272
"0431011","201415",272,285
"0431011","201516",257,252
"0431211","201314",159,145
"0431211","201415",150,134
"0431211","201516",137,137
"0431811","201314",226,272
"0431811","201415",239,255
"0431811","201516",230,245
"0432011","201314",169,174
"0432011","201415",169,173
"0432011","201516",173,171
"0432211","201314",186,216
"0432211","201415",159,216
"0432211","201516",142,180
"0432411","201314",152,101
"0432411","201415",93,53
"0432411","201516",103,101
"0435111","201314",517,584
"0435111","201415",541,617
"0435111","201516",519,555
"0436211","201314",853,829
"0436211","201415",851,823
"0436211","201516",801,848
"0436311","201314",124,73
"0436311","201415",132,71
"0436311","201516",123,69
"0436411","201314",36,69
"0436411","201415",44,75
"0436411","201516",41,69
"0440111","201314",165,164
"0440111","201415",154,158
"0440111","201516",158,150
"0440711","201314",77,75
"0440711","201415",74,73
"0440711","201516",92,94
"0441011","201314",90,83
"0441011","201415",105,73
"0441011","201516",97,75
"0441311","201314",97,105
"0441311","201415",98,80
"0441311","201516",102,87
"0441711","201314",143,126
"0441711","201415",135,130
"0441711","201516",129,135
"0441811","201314",85,108
"0441811","201415",76,107
"0441811","201516",68,98
"0445111","201314",250,321
"0445111","201415",257,325
"0445111","201516",277,312
"0446111","201314",447,460
"0446111","201415",435,445
"0446111","201516",428,461
"0450111","201314",162,192
"0450111","201415",159,189
"0450111","201516",161,182
"0450211","201314",99,91
"0450211","201415",93,86
"0450211","201516",80,88
"0450411","201314",169,170
"0450411","201415",161,153
"0450411","201516",137,153
"0455111","201314",438,437
"0455111","201415",414,447
"0455111","201516",409,439
"0456111","201314",536,527
"0456111","201415",523,530
"0456111","201516",529,516
"0460111","201314",300,310
"0460111","201415",305,307
"0460111","201516",301,311
"0465111","201314",147,204
"0465111","201415",135,188
"0465111","201516",138,171
"0470111","201314",248,258
"0470111","201415",236,244
"0470111","201516",180,201
"0475411","201314",174,171
"0475411","201415",143,170
"0475411","201516",182,206
"0476111","201314",166,182
"0476111","201415",156,176
"0476111","201516",154,170
"0480111","201314",201,192
"0480111","201415",185,191
"0480111","201516",178,183
"0480211","201314",98,105
"0480211","201415",90,108
"0480211","201516",87,114
"0480611","201314",220,219
"0480611","201415",219,220
"0480611","201516",220,210
"0480711","201314",190,226
"0480711","201415",216,219
"0480711","201516",227,219
"0485111","201314",197,212
"0485111","201415",212,222
"0485111","201516",191,229
"0486111","201314",405,392
"0486111","201415",393,380
"0486111","201516",397,374
"0490211","201314",144,144
"0490211","201415",138,148
"0490211","201516",136,140
"0490411","201314",156,198
"0490411","201415",168,192
"0490411","201516",155,189
"0491011","201516",21,15
"0491111","201314",117,104
"0491111","201415",115,108
"0491111","201516",100,122
"0491311","201314",169,167
"0491311","201415",167,159
"0491311","201516",158,165
"0491511","201314",207,211
"0491511","201415",196,193
"0491511","201516",209,203
"0491611","201314",176,208
"0491611","201415",188,189
"0491611","201516",213,198
"0491811","201314",165,175
"0491811","201415",160,196
"0491811","201516",163,201
"0495211","201314",532,589
"0495211","201415",530,569
"0495211","201516",534,531
"0496111","201314",342,365
"0496111","201415",361,348
"0496111","201516",359,356
"0500111","201314",237,271
"0500111","201415",213,238
"0500111","201516",199,218
"0510111","201314",142,164
"0510111","201415",150,169
"0510111","201516",155,180
"0510211","201314",213,240
"0510211","201415",202,226
"0510211","201516",200,218
"0510411","201314",205,193
"0510411","201415",208,199
"0510411","201516",209,196
"0510611","201314",230,228
"0510611","201415",233,209
"0510611","201516",218,208
"0510711","201314",211,218
"0510711","201415",204,209
"0510711","201516",192,190
"0511211","201314",194,205
"0511211","201415",194,204
"0511211","201516",200,208
"0511311","201314",234,223
"0511311","201415",247,228
"0511311","201516",247,232
"0511411","201314",227,270
"0511411","201415",211,249
"0511411","201516",205,235
"0511611","201314",212,232
"0511611","201415",211,230
"0511611","201516",201,214
"0511711","201314",133,194
"0511711","201415",126,198
"0511711","201516",125,195
"0511811","201314",254,272
"0511811","201415",254,249
"0511811","201516",231,258
"0515111","201314",352,346
"0515111","201415",362,358
"0515111","201516",342,343
"0515211","201314",440,486
"0515211","201415",437,478
"0515211","201516",421,465
"0515311","201314",423,437
"0515311","201415",397,408
"0515311","201516",404,398
"0516011","201314",799,710
"0516011","201415",824,717
"0516011","201516",775,733
"0516211","201314",728,731
"0516211","201415",717,725
"0516211","201516",761,757
"0520111","201314",154,162
"0520111","201415",149,156
"0520111","201516",160,162
"0520211","201314",163,175
"0520211","201415",168,166
"0520211","201516",185,178
"0520311","201314",162,179
"0520311","201415",149,166
"0520311","201516",146,154
"0520411","201314",212,221
"0520411","201415",218,227
"0520411","201516",218,225
"0520511","201314",315,305
"0520511","201415",347,326
"0520511","201516",329,334
"0525111","201314",269,302
"0525111","201415",271,299
"0525111","201516",325,298
"0526111","201314",606,708
"0526111","201415",587,677
"0526111","201516",551,669
"0530111","201314",85,96
"0530111","201415",78,89
"0530111","201516",75,92
"0540211","201314",246,233
"0540211","201415",229,221
"0540211","201516",229,230
"0540311","201314",143,151
"0540311","201415",134,126
"0540311","201516",132,124
"0540411","201314",208,233
"0540411","201415",190,207
"0540411","201516",197,203
"0540611","201314",209,229
"0540611","201415",193,218
"0540611","201516",190,196
"0540711","201314",220,193
"0540711","201415",207,180
"0540711","201516",178,183
"0540811","201314",261,248
"0540811","201415",276,243
"0540811","201516",232,247
"0540911","201314",319,290
"0540911","201415",278,272
"0540911","201516",286,267
"0545211","201314",495,539
"0545211","201415",501,530
"0545211","201516",538,498
"0546111","201314",NA,NA
"0546111","201415",NA,968
"0546111","201516",NA,975
"0560111","201314",192,198
"0560111","201415",189,189
"0560111","201516",208,200
"0560311","201314",142,146
"0560311","201415",140,143
"0560311","201516",128,133
"0560411","201314",154,162
"0560411","201415",140,140
"0560411","201516",142,129
"0565111","201314",165,167
"0565111","201415",162,168
"0565111","201516",148,164
"0566111","201314",350,374
"0566111","201415",322,361
"0566111","201516",328,366
"0570211","201314",220,224
"0570211","201415",204,234
"0570211","201516",212,225
"0570311","201314",168,176
"0570311","201415",174,195
"0570311","201516",176,185
"0570411","201314",209,196
"0570411","201415",219,205
"0570411","201516",229,222
"0570511","201314",192,194
"0570511","201415",200,191
"0570511","201516",179,185
"0570611","201314",114,150
"0570611","201415",122,142
"0570611","201516",121,144
"0570711","201314",221,226
"0570711","201415",239,248
"0570711","201516",224,258
"0570811","201314",184,210
"0570811","201415",176,208
"0570811","201516",180,212
"0570911","201314",208,220
"0570911","201415",214,218
"0570911","201516",221,228
"0571011","201314",228,268
"0571011","201415",228,269
"0571011","201516",217,266
"0571111","201314",123,142
"0571111","201415",121,137
"0571111","201516",119,142
"0571311","201314",195,183
"0571311","201415",191,179
"0571311","201516",187,181
"0575111","201314",289,306
"0575111","201415",269,309
"0575111","201516",266,301
"0575211","201314",386,393
"0575211","201415",393,418
"0575211","201516",398,424
"0575311","201314",230,274
"0575311","201415",259,273
"0575311","201516",253,NA
"0576111","201314",NA,NA
"0576111","201415",NA,NA
"0576111","201516",NA,NA
"0580111","201415",NA,NA
"0580111","201516",NA,NA
"0580311","201314",363,423
"0580311","201415",352,404
"0580311","201516",356,401
"0585111","201314",293,284
"0585111","201415",272,275
"0585111","201516",279,266
"0586211","201314",296,306
"0586211","201415",303,268
"0586211","201516",292,273
"0590111","201314",163,170
"0590111","201415",134,175
"0590111","201516",133,149
"0590311","201314",191,171
"0590311","201415",183,173
"0590311","201516",176,155
"0591211","201314",141,153
"0591211","201415",138,149
"0591211","201516",149,147
"0591711","201314",204,218
"0591711","201415",195,201
"0591711","201516",195,181
"0591811","201314",197,188
"0591811","201415",172,186
"0591811","201516",180,203
"0591911","201314",198,212
"0591911","201415",191,208
"0591911","201516",173,206
"0592011","201314",176,235
"0592011","201415",175,225
"0592011","201516",182,214
"0595211","201314",236,244
"0595211","201415",243,230
"0595211","201516",231,224
"0595311","201314",212,237
"0595311","201415",236,225
"0595311","201516",234,261
"0596111","201314",556,567
"0596111","201415",526,563
"0596111","201516",507,563
"0600211","201314",170,173
"0600211","201415",153,176
"0600211","201516",153,169
"0600311","201314",157,180
"0600311","201415",156,162
"0600311","201516",163,158
"0600411","201314",123,164
"0600411","201415",103,159
"0600411","201516",101,153
"0600611","201314",147,166
"0600611","201415",153,169
"0600611","201516",141,161
"0600711","201314",292,288
"0600711","201415",258,276
"0600711","201516",268,291
"0605111","201314",300,283
"0605111","201415",287,272
"0605111","201516",277,275
"0606111","201314",521,546
"0606111","201415",535,541
"0606111","201516",533,550
"0620111","201314",161,167
"0620111","201415",143,177
"0620111","201516",138,166
"0620211","201314",173,179
"0620211","201415",158,169
"0620211","201516",161,172
"0620311","201314",158,151
"0620311","201415",143,153
"0620311","201516",121,153
"0620411","201314",146,184
"0620411","201415",145,186
"0620411","201516",147,169
"0621011","201314",219,216
"0621011","201415",218,216
"0621011","201516",223,222
"0621111","201314",127,172
"0621111","201415",153,169
"0621111","201516",153,164
"0621211","201314",223,226
"0621211","201415",230,218
"0621211","201516",217,239
"0621411","201314",213,237
"0621411","201415",214,216
"0621411","201516",202,206
"0625211","201314",410,455
"0625211","201415",399,404
"0625211","201516",405,411
"0626111","201314",865,946
"0626111","201415",807,889
"0626111","201516",767,831
"0630111","201314",45,66
"0630111","201415",40,65
"0630111","201516",40,61
"0640111","201314",215,244
"0640111","201415",193,209
"0640111","201516",184,210
"0640411","201314",232,295
"0640411","201415",220,246
"0640411","201516",211,267
"0640511","201314",87,71
"0640511","201415",119,93
"0640511","201516",140,119
"0640611","201314",255,286
"0640611","201415",264,317
"0640611","201516",242,278
"0640711","201314",305,330
"0640711","201415",320,341
"0640711","201516",296,353
"0640811","201314",304,265
"0640811","201415",310,292
"0640811","201516",313,308
"0640911","201314",255,341
"0640911","201415",270,337
"0640911","201516",272,341
"0641011","201314",327,331
"0641011","201415",297,324
"0641011","201516",274,297
"0641111","201314",504,315
"0641111","201415",558,326
"0641111","201516",586,324
"0641211","201314",142,149
"0641211","201415",119,133
"0641211","201516",116,123
"0641311","201314",69,51
"0641311","201415",74,70
"0641311","201516",74,69
"0641411","201314",318,342
"0641411","201415",334,348
"0641411","201516",325,335
"0641511","201314",261,282
"0641511","201415",257,275
"0641511","201516",254,283
"0641611","201314",138,178
"0641611","201415",140,189
"0641611","201516",157,199
"0641711","201314",228,270
"0641711","201415",215,269
"0641711","201516",176,197
"0641911","201314",204,172
"0641911","201415",182,148
"0641911","201516",178,156
"0642011","201314",320,355
"0642011","201415",339,339
"0642011","201516",323,337
"0642111","201314",236,262
"0642111","201415",172,208
"0642111","201516",171,188
"0642211","201314",159,195
"0642211","201415",152,151
"0642211","201516",154,150
"0642311","201314",324,384
"0642311","201415",314,370
"0642311","201516",270,320
"0642511","201314",143,216
"0642511","201415",144,216
"0642511","201516",150,217
"0642611","201314",144,153
"0642611","201415",156,139
"0642611","201516",155,138
"0642811","201314",136,142
"0642811","201415",145,143
"0642811","201516",141,138
"0643011","201314",233,259
"0643011","201415",256,229
"0643011","201516",255,225
"0643211","201314",290,303
"0643211","201415",285,292
"0643211","201516",260,272
"0643311","201314",191,170
"0643311","201415",197,160
"0643311","201516",191,164
"0643511","201314",120,132
"0643511","201415",153,165
"0643511","201516",141,139
"0643611","201314",258,234
"0643611","201415",322,299
"0643611","201516",348,313
"0643711","201314",140,151
"0643711","201415",166,157
"0643711","201516",178,162
"0643811","201314",66,107
"0643811","201415",98,155
"0643811","201516",118,191
"0643911","201415",34,13
"0643911","201516",42,14
"0644011","201314",74,54
"0644011","201415",47,36
"0644011","201516",55,44
"0645411","201314",518,400
"0645411","201415",551,450
"0645411","201516",562,460
"0646011","201314",140,154
"0646011","201415",125,150
"0646011","201516",133,152
"0646411","201314",389,301
"0646411","201415",387,315
"0646411","201516",361,302
"0646511","201314",322,383
"0646511","201415",312,390
"0646511","201516",307,400
"0646611","201314",109,221
"0646611","201415",114,261
"0646611","201516",124,295
"0646711","201314",124,284
"0646711","201415",137,286
"0646711","201516",140,291
"0646911","201314",345,356
"0646911","201415",324,348
"0646911","201516",308,321
"0647111","201314",166,212
"0647111","201415",177,196
"0647111","201516",173,206
"0647211","201314",110,304
"0647211","201415",79,293
"0647211","201516",58,246
"0647411","201314",224,257
"0647411","201415",178,211
"0647411","201516",157,210
"0647511","201314",326,132
"0647511","201415",268,125
"0647511","201516",261,101
"0647611","201314",167,176
"0647611","201415",121,135
"0647611","201516",105,128
"0647711","201314",97,104
"0647711","201415",104,86
"0647711","201516",133,74
"0647911","201314",152,97
"0647911","201415",156,100
"0647911","201516",162,106
"0650111","201314",94,110
"0650111","201415",95,106
"0650111","201516",81,106
"0670111","201314",258,265
"0670111","201415",239,252
"0670111","201516",204,232
"0670211","201314",160,184
"0670211","201415",134,160
"0670211","201516",137,157
"0680111","201314",119,153
"0680111","201415",114,140
"0680111","201516",108,129
"0690111","201314",204,223
"0690111","201415",184,199
"0690111","201516",171,206
"0690311","201314",237,213
"0690311","201415",241,242
"0690311","201516",259,225
"0695211","201314",386,375
"0695211","201415",354,361
"0695211","201516",344,344
"0696111","201314",442,413
"0696111","201415",405,387
"0696111","201516",412,413
"0710111","201314",178,214
"0710111","201415",173,205
"0710111","201516",165,203
"0715111","201314",162,196
"0715111","201415",160,176
"0715111","201516",150,150
"0716211","201314",229,167
"0716211","201415",214,167
"0716211","201516",203,174
"0720111","201314",198,220
"0720111","201415",193,222
"0720111","201516",179,228
"0720211","201314",102,123
"0720211","201415",95,98
"0720211","201516",117,107
"0720311","201314",134,140
"0720311","201415",143,151
"0720311","201516",141,153
"0720411","201314",183,177
"0720411","201415",183,179
"0720411","201516",163,174
"0725111","201314",165,182
"0725111","201415",163,187
"0725111","201516",145,178
"0726111","201314",499,434
"0726111","201415",471,425
"0726111","201516",453,380
"0730111","201314",184,212
"0730111","201415",190,208
"0730111","201516",197,191
"0740211","201314",132,136
"0740211","201415",130,142
"0740211","201516",125,145
"0740311","201314",132,113
"0740311","201415",111,118
"0740311","201516",103,117
"0746011","201516",91,84
"0746111","201314",223,249
"0746111","201415",225,252
"0746111","201516",132,164
"0760111","201314",142,201
"0760111","201415",150,189
"0760111","201516",156,182
"0760211","201314",137,159
"0760211","201415",134,139
"0760211","201516",130,138
"0760311","201314",115,127
"0760311","201415",118,119
"0760311","201516",106,123
"0760611","201314",266,280
"0760611","201415",201,287
"0760611","201516",178,238
"0765211","201314",273,287
"0765211","201415",298,254
"0765211","201516",277,279
"0766111","201314",628,623
"0766111","201415",596,633
"0766111","201516",567,597
"0770111","201314",203,222
"0770111","201415",199,218
"0770111","201516",175,217
"0770311","201314",161,199
"0770311","201415",152,197
"0770311","201516",163,202
"0770411","201314",123,144
"0770411","201415",127,147
"0770411","201516",138,124
"0770611","201314",170,166
"0770611","201415",172,164
"0770611","201516",185,169
"0771011","201314",206,174
"0771011","201415",213,194
"0771011","201516",180,176
"0771211","201314",171,193
"0771211","201415",189,223
"0771211","201516",186,200
"0771311","201314",152,190
"0771311","201415",154,188
"0771311","201516",184,193
"0771411","201314",168,194
"0771411","201415",182,191
"0771411","201516",176,181
"0771611","201314",156,126
"0771611","201415",144,121
"0771611","201516",139,129
"0771711","201314",178,196
"0771711","201415",202,202
"0771711","201516",211,209
"0775311","201314",375,426
"0775311","201415",389,418
"0775311","201516",388,392
"0776111","201314",827,792
"0776111","201415",786,740
"0776111","201516",783,751
"0780211","201314",89,112
"0780211","201415",112,107
"0780211","201516",96,111
"0780411","201314",127,129
"0780411","201415",126,134
"0780411","201516",126,142
"0780511","201314",126,116
"0780511","201415",133,108
"0780511","201516",136,106
"0785111","201314",267,279
"0785111","201415",236,283
"0785111","201516",244,286
"0790111","201314",289,316
"0790111","201415",277,322
"0790111","201516",255,301
"0800111","201314",198,216
"0800111","201415",184,203
"0800111","201516",172,174
"0800311","201314",277,325
"0800311","201415",292,336
"0800311","201516",297,319
"0800411","201314",311,300
"0800411","201415",290,290
"0800411","201516",313,275
"0800511","201314",244,265
"0800511","201415",241,268
"0800511","201516",230,246
"0800711","201314",289,323
"0800711","201415",309,337
"0800711","201516",302,328
"0800811","201314",230,247
"0800811","201415",238,260
"0800811","201516",249,310
"0801011","201314",232,214
"0801011","201415",233,233
"0801011","201516",199,222
"0801111","201314",282,299
"0801111","201415",270,287
"0801111","201516",279,278
"0805211","201314",362,407
"0805211","201415",372,384
"0805211","201516",390,353
"0805411","201314",364,397
"0805411","201415",329,367
"0805411","201516",325,349
"0806111","201314",559,614
"0806111","201415",589,621
"0806111","201516",568,609
"0806211","201314",547,609
"0806211","201415",512,585
"0806211","201516",495,518
"0830111","201314",154,176
"0830111","201415",140,159
"0830111","201516",134,159
"0830211","201314",153,169
"0830211","201415",158,151
"0830211","201516",148,141
"0830511","201314",184,183
"0830511","201415",189,183
"0830511","201516",186,151
"0830911","201314",102,102
"0830911","201415",103,110
"0830911","201516",102,106
"0831111","201314",185,214
"0831111","201415",178,227
"0831111","201516",178,215
"0831211","201314",129,154
"0831211","201415",119,142
"0831211","201516",122,139
"0831311","201314",143,160
"0831311","201415",135,146
"0831311","201516",139,141
"0831411","201314",157,165
"0831411","201415",134,144
"0831411","201516",125,142
"0831511","201314",175,144
"0831511","201415",180,180
"0831511","201516",139,173
"0835411","201314",325,341
"0835411","201415",333,312
"0835411","201516",353,317
"0836211","201314",629,623
"0836211","201415",608,589
"0836211","201516",589,613
"0840111","201314",125,129
"0840111","201415",127,132
"0840111","201516",146,147
"0840711","201314",204,257
"0840711","201415",175,218
"0840711","201516",161,154
"0840811","201314",167,221
"0840811","201415",185,255
"0840811","201516",173,236
"0841011","201314",192,182
"0841011","201415",178,196
"0841011","201516",131,149
"0841611","201314",146,164
"0841611","201415",147,152
"0841611","201516",158,157
"0841711","201314",181,NA
"0841711","201415",179,190
"0841711","201516",191,223
"0841811","201314",173,168
"0841811","201415",163,162
"0841811","201516",171,199
"0841911","201314",186,195
"0841911","201415",192,188
"0841911","201516",180,198
"0845111","201314",229,237
"0845111","201415",253,234
"0845111","201516",235,221
"0845211","201314",259,295
"0845211","201415",251,310
"0845211","201516",231,305
"0845311","201314",237,286
"0845311","201415",221,245
"0845311","201516",217,233
"0846211","201314",515,498
"0846211","201415",469,456
"0846211","201516",469,471
"0846311","201314",458,505
"0846311","201415",441,478
"0846311","201516",442,478
"0850111","201314",182,189
"0850111","201415",180,183
"0850111","201516",182,172
"0850311","201314",245,229
"0850311","201415",242,225
"0850311","201516",226,204
"0850511","201314",241,281
"0850511","201415",239,273
"0850511","201516",239,258
"0855211","201314",379,433
"0855211","201415",372,386
"0855211","201516",379,401
"0856111","201314",579,609
"0856111","201415",560,603
"0856111","201516",533,559
"0860111","201314",200,165
"0860111","201415",187,166
"0860111","201516",166,167
"0860511","201314",174,212
"0860511","201415",143,166
"0860511","201516",132,165
"0860711","201314",167,187
"0860711","201415",163,181
"0860711","201516",161,181
"0865111","201314",284,292
"0865111","201415",270,282
"0865111","201516",266,285
"0866111","201314",350,352
"0866111","201415",352,348
"0866111","201516",341,313
"0880211","201314",145,144
"0880211","201415",166,180
"0880211","201516",146,166
"0880311","201314",239,270
"0880311","201415",225,250
"0880311","201516",211,239
"0880411","201314",148,212
"0880411","201415",138,166
"0880411","201516",143,169
"0880511","201314",140,186
"0880511","201415",148,189
"0880511","201516",134,176
"0880611","201314",119,155
"0880611","201415",114,135
"0880611","201516",123,143
"0880711","201314",130,131
"0880711","201415",128,137
"0880711","201516",137,144
"0880811","201314",108,131
"0880811","201415",114,132
"0880811","201516",133,139
"0885111","201314",335,344
"0885111","201415",302,378
"0885111","201516",296,379
"0886111","201314",604,663
"0886111","201415",605,654
"0886111","201516",554,644
"0890311","201314",228,273
"0890311","201415",252,276
"0890311","201516",231,236
"0890511","201314",251,342
"0890511","201415",235,334
"0890511","201516",249,329
"0890611","201314",224,265
"0890611","201415",253,253
"0890611","201516",220,241
"0890711","201314",216,208
"0890711","201415",221,221
"0890711","201516",220,222
"0890811","201314",349,359
"0890811","201415",340,385
"0890811","201516",326,362
"0890911","201314",138,150
"0890911","201415",129,145
"0890911","201516",144,141
"0891111","201314",419,360
"0891111","201415",416,355
"0891111","201516",419,372
"0891211","201314",296,358
"0891211","201415",315,387
"0891211","201516",327,351
"0891311","201314",321,350
"0891311","201415",320,376
"0891311","201516",280,300
"0891511","201314",270,267
"0891511","201415",265,248
"0891511","201516",261,262
"0895211","201314",301,317
"0895211","201415",349,427
"0895211","201516",333,400
"0895311","201314",282,351
"0895311","201415",342,427
"0895311","201516",337,429
"0895411","201314",86,81
"0895411","201415",81,78
"0895411","201516",72,77
"0896111","201314",NA,NA
"0896111","201415",NA,NA
"0896111","201516",NA,NA
"0900211","201314",265,270
"0900211","201415",261,286
"0900211","201516",268,274
"0900311","201314",272,265
"0900311","201415",271,276
"0900311","201516",270,277
"0900411","201314",243,287
"0900411","201415",257,309
"0900411","201516",253,290
"0905111","201314",648,666
"0905111","201415",638,653
"0905111","201516",652,675
"0906111","201314",625,639
"0906111","201415",617,633
"0906111","201516",628,623
"0910111","201314",255,294
"0910111","201415",252,292
"0910111","201516",246,255
"0910211","201314",266,294
"0910211","201415",257,269
"0910211","201516",228,262
"0915211","201314",302,324
"0915211","201415",298,331
"0915211","201516",290,297
"0916111","201314",464,526
"0916111","201415",438,495
"0916111","201516",408,496
"0920111","201314",58,59
"0920111","201415",65,50
"0920111","201516",55,58
"0920211","201314",51,53
"0920211","201415",39,36
"0920211","201516",34,27
"0920311","201314",173,150
"0920311","201415",161,149
"0920311","201516",154,142
"0930211","201314",282,300
"0930211","201415",273,287
"0930211","201516",285,278
"0930311","201314",228,257
"0930311","201415",237,265
"0930311","201516",243,262
"0930611","201314",269,288
"0930611","201415",284,315
"0930611","201516",263,314
"0930711","201314",214,236
"0930711","201415",221,255
"0930711","201516",235,260
"0930811","201314",251,263
"0930811","201415",239,269
"0930811","201516",249,276
"0930911","201314",267,249
"0930911","201415",242,219
"0930911","201516",262,235
"0931011","201314",352,299
"0931011","201415",366,309
"0931011","201516",362,307
"0931211","201314",222,226
"0931211","201415",212,227
"0931211","201516",221,216
"0931311","201314",245,268
"0931311","201415",253,269
"0931311","201516",248,280
"0931411","201314",259,295
"0931411","201415",261,291
"0931411","201516",254,270
"0931511","201314",244,243
"0931511","201415",251,239
"0931511","201516",222,260
"0931611","201314",377,382
"0931611","201415",393,393
"0931611","201516",388,377
"0931711","201314",150,339
"0931711","201415",172,399
"0931711","201516",188,416
"0931811","201314",241,291
"0931811","201415",246,271
"0931811","201516",248,282
"0931911","201314",227,321
"0931911","201415",244,299
"0931911","201516",250,289
"0932011","201314",155,188
"0932011","201415",181,191
"0932011","201516",189,189
"0932111","201314",222,260
"0932111","201415",237,272
"0932111","201516",226,266
"0932811","201314",212,238
"0932811","201415",201,228
"0932811","201516",195,202
"0932911","201314",223,239
"0932911","201415",233,250
"0932911","201516",229,264
"0933011","201314",294,318
"0933011","201415",277,287
"0933011","201516",277,282
"0933111","201314",315,323
"0933111","201415",321,319
"0933111","201516",329,308
"0933211","201314",176,224
"0933211","201415",185,217
"0933211","201516",199,226
"0933511","201314",182,147
"0933511","201415",183,147
"0933511","201516",159,147
"0933811","201314",210,204
"0933811","201415",225,216
"0933811","201516",220,221
"0934111","201314",227,221
"0934111","201415",223,228
"0934111","201516",226,235
"0934211","201314",242,249
"0934211","201415",261,274
"0934211","201516",250,270
"0934311","201314",240,265
"0934311","201415",262,235
"0934311","201516",259,222
"0934611","201314",245,242
"0934611","201415",256,252
"0934611","201516",248,228
"0934811","201314",198,196
"0934811","201415",181,181
"0934811","201516",183,185
"0934911","201314",98,124
"0934911","201415",128,144
"0934911","201516",113,128
"0935511","201314",321,149
"0935511","201415",310,149
"0935511","201516",299,157
"0936011","201314",209,180
"0936011","201415",187,204
"0936011","201516",196,207
"0936111","201314",702,719
"0936111","201415",665,697
"0936111","201516",729,717
"0936211","201314",449,532
"0936211","201415",487,552
"0936211","201516",437,508
"0936311","201314",396,287
"0936311","201415",384,291
"0936311","201516",375,290
"0936411","201314",424,211
"0936411","201415",421,193
"0936411","201516",455,192
"0936611","201314",160,102
"0936611","201415",177,105
"0936611","201516",148,103
"0936711","201314",134,200
"0936711","201415",150,180
"0936711","201516",162,178
"0936811","201314",44,164
"0936811","201415",43,140
"0936811","201516",63,131
"0937011","201314",148,129
"0937011","201415",147,117
"0937011","201516",149,106
"0940211","201314",150,152
"0940211","201415",138,136
"0940211","201516",150,144
"0940611","201314",229,243
"0940611","201415",221,238
"0940611","201516",242,231
"0940711","201314",194,170
"0940711","201415",178,166
"0940711","201516",176,155
"0940811","201314",203,224
"0940811","201415",202,216
"0940811","201516",198,186
"0945111","201314",295,299
"0945111","201415",300,315
"0945111","201516",302,318
"0945311","201314",321,379
"0945311","201415",323,364
"0945311","201516",310,364
"0946111","201314",697,664
"0946111","201415",656,652
"0946111","201516",628,638
"0950311","201314",308,280
"0950311","201415",291,246
"0950311","201516",299,260
"0950611","201415",59,65
"0950611","201516",62,53
"0950811","201314",220,297
"0950811","201415",245,311
"0950811","201516",261,319
"0950911","201314",257,273
"0950911","201415",243,228
"0950911","201516",278,225
"0955111","201314",260,293
"0955111","201415",308,316
"0955111","201516",276,326
"0956111","201314",374,507
"0956111","201415",382,504
"0956111","201516",412,551
"0960511","201314",216,257
"0960511","201415",204,250
"0960511","201516",218,216
"0960811","201314",210,250
"0960811","201415",194,220
"0960811","201516",222,219
"0960911","201314",486,567
"0960911","201415",487,537
"0960911","201516",437,522
"0965211","201314",334,341
"0965211","201415",311,370
"0965211","201516",474,557
"0966111","201314",716,710
"0966111","201415",688,710
"0966111","201516",657,688
"0970111","201314",173,176
"0970111","201415",164,157
"0970111","201516",161,159
"0970211","201314",211,184
"0970211","201415",188,171
"0970211","201516",173,164
"0970311","201314",209,209
"0970311","201415",197,194
"0970311","201516",179,189
"0970411","201314",146,157
"0970411","201415",154,160
"0970411","201516",143,154
"0970511","201314",367,420
"0970511","201415",338,393
"0970511","201516",351,350
"0975111","201314",409,446
"0975111","201415",411,422
"0975111","201516",380,432
"0976111","201314",831,882
"0976111","201415",835,903
"0976111","201516",798,881
"0980111","201314",53,59
"0980111","201415",57,58
"0980111","201516",61,55
"0990411","201314",173,242
"0990411","201415",172,234
"0990411","201516",179,223
"0990611","201314",236,235
"0990611","201415",209,221
"0990611","201516",182,223
"0995111","201314",260,248
"0995111","201415",255,252
"0995111","201516",260,232
"0996111","201314",309,301
"0996111","201415",326,293
"0996111","201516",307,272
"1000111","201314",149,146
"1000111","201415",138,142
"1000111","201516",129,131
"1010211","201314",174,163
"1010211","201415",159,155
"1010211","201516",147,141
"1010311","201314",199,205
"1010311","201415",207,216
"1010311","201516",205,194
"1010711","201314",179,200
"1010711","201415",198,186
"1010711","201516",196,181
"1010811","201314",152,188
"1010811","201415",147,185
"1010811","201516",132,170
"1015211","201314",360,423
"1015211","201415",372,410
"1015211","201516",390,395
"1016111","201314",578,545
"1016111","201415",530,509
"1016111","201516",490,510
"1020111","201314",190,188
"1020111","201415",190,191
"1020111","201516",181,185
"1026111","201314",105,113
"1026111","201415",96,100
"1026111","201516",83,106
"1030211","201314",242,286
"1030211","201415",248,274
"1030211","201516",228,265
"1030311","201314",170,153
"1030311","201415",176,157
"1030311","201516",186,162
"1030411","201314",230,264
"1030411","201415",225,277
"1030411","201516",224,256
"1030711","201314",276,305
"1030711","201415",275,313
"1030711","201516",299,312
"1030811","201314",267,305
"1030811","201415",283,283
"1030811","201516",286,273
"1031311","201314",222,229
"1031311","201415",221,223
"1031311","201516",228,215
"1031411","201314",188,197
"1031411","201415",184,205
"1031411","201516",179,203
"1032011","201314",207,237
"1032011","201415",208,244
"1032011","201516",198,246
"1032111","201314",229,226
"1032111","201415",229,231
"1032111","201516",223,232
"1032211","201314",231,263
"1032211","201415",227,270
"1032211","201516",233,253
"1032311","201314",234,244
"1032311","201415",229,257
"1032311","201516",239,259
"1032411","201314",137,171
"1032411","201415",144,181
"1032411","201516",145,187
"1035211","201314",287,292
"1035211","201415",298,322
"1035211","201516",317,360
"1035311","201314",316,316
"1035311","201415",312,333
"1035311","201516",309,357
"1035411","201314",302,352
"1035411","201415",306,329
"1035411","201516",330,340
"1035511","201314",206,223
"1035511","201415",213,246
"1035511","201516",236,240
"1036111","201314",751,788
"1036111","201415",760,815
"1036111","201516",738,832
"1036211","201314",859,820
"1036211","201415",873,802
"1036211","201516",858,805
"1036311","201314",38,28
"1036311","201415",26,30
"1036311","201516",22,31
"1040111","201314",105,113
"1040111","201415",101,122
"1040111","201516",98,128
"1040811","201314",180,237
"1040811","201415",171,202
"1040811","201516",171,170
"1041411","201314",195,203
"1041411","201415",189,179
"1041411","201516",185,172
"1041511","201314",120,135
"1041511","201415",117,119
"1041511","201516",117,128
"1041711","201314",147,128
"1041711","201415",145,138
"1041711","201516",131,136
"1041811","201314",146,151
"1041811","201415",146,165
"1041811","201516",147,173
"1041911","201314",140,140
"1041911","201415",119,131
"1041911","201516",120,110
"1042011","201314",225,189
"1042011","201415",203,187
"1042011","201516",204,201
"1045111","201314",305,353
"1045111","201415",329,342
"1045111","201516",381,373
"1045211","201314",243,225
"1045211","201415",240,251
"1045211","201516",152,185
"1060211","201314",202,189
"1060211","201415",211,206
"1060211","201516",186,186
"1065211","201314",281,279
"1065211","201415",270,261
"1065211","201516",250,271
"1066111","201314",249,237
"1066111","201415",241,225
"1066111","201516",230,214
"1070211","201314",59,75
"1070211","201415",76,92
"1070211","201516",69,94
"1070311","201314",190,184
"1070311","201415",177,192
"1070311","201516",167,199
"1070411","201314",139,170
"1070411","201415",140,153
"1070411","201516",136,156
"1070511","201314",198,176
"1070511","201415",186,163
"1070511","201516",179,176
"1080111","201314",268,235
"1080111","201415",252,228
"1080111","201516",235,237
"1080311","201314",205,223
"1080311","201415",191,205
"1080311","201516",192,200
"1085111","201314",260,254
"1085111","201415",257,260
"1085111","201516",253,238
"1086011","201314",292,308
"1086011","201415",287,288
"1086011","201516",289,303
"1090111","201314",178,161
"1090111","201415",164,158
"1090111","201516",164,148
"1090311","201314",187,185
"1090311","201415",167,169
"1090311","201516",156,170
"1090411","201314",216,213
"1090411","201415",200,210
"1090411","201516",208,220
"1095111","201314",293,300
"1095111","201415",277,290
"1095111","201516",261,271
"1096111","201314",340,360
"1096111","201415",336,347
"1096111","201516",343,352
"1100211","201314",183,216
"1100211","201415",216,229
"1100211","201516",207,216
"1100411","201314",135,141
"1100411","201415",150,158
"1100411","201516",145,164
"1100511","201314",181,173
"1100511","201415",190,194
"1100511","201516",182,187
"1105211","201314",256,275
"1105211","201415",256,282
"1105211","201516",257,288
"1106111","201314",358,365
"1106111","201415",337,378
"1106111","201516",360,384
"1110211","201314",159,193
"1110211","201415",162,180
"1110211","201516",147,166
"1110411","201314",169,177
"1110411","201415",180,187
"1110411","201516",177,200
"1115111","201314",186,194
"1115111","201415",172,184
"1115111","201516",166,171
"1116111","201314",208,262
"1116111","201415",214,249
"1116111","201516",219,257
"1117111","201314",9,7
"1117111","201415",7,6
"1117111","201516",NA,NA
"1120111","201314",207,217
"1120111","201415",195,213
"1120111","201516",182,218
"1130211","201314",148,168
"1130211","201415",150,163
"1130211","201516",140,183
"1130411","201314",110,93
"1130411","201415",93,100
"1130411","201516",102,104
"1130511","201314",107,118
"1130511","201415",103,111
"1130511","201516",117,102
"1135111","201314",131,119
"1135111","201415",121,118
"1135111","201516",103,117
"1136111","201314",193,191
"1136111","201415",195,174
"1136111","201516",202,182
"1140411","201314",136,132
"1140411","201415",126,135
"1140411","201516",143,143
"1145111","201314",84,71
"1145111","201415",88,69
"1145111","201516",83,69
"1160311","201314",318,359
"1160311","201415",321,347
"1160311","201516",300,317
"1165111","201314",150,139
"1165111","201415",157,138
"1165111","201516",136,136
"1166111","201314",123,154
"1166111","201415",133,140
"1166111","201516",150,126
"1170111","201314",267,273
"1170111","201415",235,253
"1170111","201516",226,254
"1175111","201314",250,270
"1175111","201415",241,272
"1175111","201516",225,248
"1180211","201314",165,168
"1180211","201415",169,161
"1180211","201516",152,151
"1180311","201314",175,193
"1180311","201415",167,187
"1180311","201516",160,182
"1180411","201314",186,178
"1180411","201415",165,180
"1180411","201516",153,178
"1180511","201314",190,190
"1180511","201415",187,181
"1180511","201516",183,181
"1180611","201314",194,205
"1180611","201415",184,195
"1180611","201516",191,193
"1180811","201314",175,205
"1180811","201415",175,186
"1180811","201516",160,171
"1185111","201314",358,411
"1185111","201415",373,387
"1185111","201516",387,370
"1185211","201314",248,241
"1185211","201415",237,259
"1185211","201516",241,255
"1186111","201314",880,904
"1186111","201415",873,871
"1186111","201516",845,848
"1190411","201314",237,255
"1190411","201415",231,252
"1190411","201516",266,255
"1190511","201314",295,315
"1190511","201415",319,342
"1190511","201516",364,367
"1195111","201314",303,287
"1195111","201415",319,306
"1195111","201516",317,319
"1196111","201314",376,351
"1196111","201415",354,343
"1196111","201516",343,362
"1210111","201314",207,223
"1210111","201415",184,208
"1210111","201516",178,198
"1220111","201314",140,139
"1220111","201415",132,137
"1220111","201516",144,130
"1230111","201314",72,61
"1230111","201415",71,58
"1230111","201516",70,49
"1240111","201314",251,253
"1240111","201415",251,251
"1240111","201516",218,230
"1240211","201314",282,303
"1240211","201415",256,277
"1240211","201516",260,270
"1245111","201314",282,300
"1245111","201415",301,290
"1245111","201516",293,269
"1246111","201314",305,320
"1246111","201415",309,339
"1246111","201516",322,342
"1250111","201314",83,94
"1250111","201415",87,76
"1250111","201516",79,81
"1260511","201314",208,232
"1260511","201415",230,241
"1260511","201516",213,220
"1260611","201314",108,131
"1260611","201415",115,114
"1260611","201516",121,113
"1260811","201314",206,229
"1260811","201415",203,229
"1260811","201516",174,232
"1260911","201314",157,155
"1260911","201415",146,147
"1260911","201516",136,151
"1261011","201314",145,151
"1261011","201415",150,173
"1261011","201516",157,174
"1261111","201314",392,449
"1261111","201415",361,388
"1261111","201516",373,366
"1265111","201314",415,425
"1265111","201415",427,451
"1265111","201516",415,453
"1266111","201314",790,766
"1266111","201415",781,769
"1266111","201516",752,761
"1270111","201314",180,192
"1270111","201415",179,167
"1270111","201516",163,170
"1280111","201314",193,199
"1280111","201415",192,212
"1280111","201516",179,213
"1280311","201314",145,129
"1280311","201415",155,139
"1280311","201516",149,135
"1280411","201314",195,202
"1280411","201415",184,188
"1280411","201516",184,186
"1280611","201314",218,205
"1280611","201415",207,197
"1280611","201516",195,176
"1280711","201314",288,337
"1280711","201415",292,320
"1280711","201516",294,315
"1285111","201314",340,385
"1285111","201415",343,396
"1285111","201516",339,371
"1286111","201314",712,800
"1286111","201415",692,758
"1286111","201516",671,752
"1290411","201314",320,329
"1290411","201415",304,324
"1290411","201516",279,306
"1295111","201314",184,186
"1295111","201415",188,183
"1295111","201516",175,184
"1296111","201314",239,249
"1296111","201415",232,242
"1296111","201516",235,243
"1310211","201314",198,257
"1310211","201415",177,207
"1310211","201516",160,197
"1310611","201314",148,128
"1310611","201415",151,136
"1310611","201516",148,140
"1310711","201314",117,120
"1310711","201415",128,128
"1310711","201516",120,112
"1310811","201314",166,161
"1310811","201415",159,150
"1310811","201516",146,149
"1310911","201314",208,215
"1310911","201415",205,222
"1310911","201516",210,219
"1311311","201314",124,169
"1311311","201415",131,162
"1311311","201516",142,158
"1311411","201314",187,173
"1311411","201415",168,173
"1311411","201516",151,168
"1311511","201314",340,300
"1311511","201415",306,305
"1311511","201516",291,309
"1312011","201516",23,49
"1312111","201516",8,12
"1315111","201314",389,387
"1315111","201415",359,368
"1315111","201516",383,360
"1315311","201314",404,444
"1315311","201415",411,415
"1315311","201516",412,427
"1316211","201314",NA,NA
"1316211","201415",NA,NA
"1316211","201516",NA,961
"1320111","201314",181,171
"1320111","201415",163,181
"1320111","201516",148,172
"1320211","201314",176,171
"1320211","201415",178,168
"1320211","201516",184,172
"1320411","201314",136,165
"1320411","201415",141,162
"1320411","201516",147,165
"1320611","201314",176,211
"1320611","201415",188,201
"1320611","201516",197,194
"1320711","201314",211,231
"1320711","201415",216,228
"1320711","201516",224,228
"1325111","201314",473,570
"1325111","201415",453,526
"1325111","201516",475,493
"1326211","201314",699,664
"1326211","201415",687,677
"1326211","201516",644,674
"1330111","201314",171,189
"1330111","201415",159,204
"1330111","201516",157,203
"1340311","201314",75,86
"1340311","201415",80,82
"1340311","201516",83,74
"1340411","201314",87,77
"1340411","201415",87,89
"1340411","201516",74,87
"1340611","201314",226,256
"1340611","201415",218,253
"1340611","201516",230,241
"1345211","201314",176,166
"1345211","201415",167,187
"1345211","201516",148,183
"1346111","201314",251,227
"1346111","201415",235,179
"1346111","201516",216,193
"1350511","201314",259,268
"1350511","201415",282,270
"1350511","201516",262,287
"1350611","201314",352,355
"1350611","201415",325,331
"1350611","201516",310,313
"1350811","201314",417,387
"1350811","201415",422,379
"1350811","201516",422,379
"1350911","201314",299,343
"1350911","201415",293,322
"1350911","201516",289,329
"1351111","201314",347,364
"1351111","201415",348,334
"1351111","201516",345,306
"1351211","201314",291,325
"1351211","201415",287,316
"1351211","201516",302,309
"1351411","201314",319,369
"1351411","201415",341,373
"1351411","201516",382,384
"1351811","201314",322,342
"1351811","201415",334,352
"1351811","201516",295,341
"1351911","201314",325,356
"1351911","201415",320,390
"1351911","201516",318,388
"1352011","201314",283,269
"1352011","201415",319,307
"1352011","201516",333,305
"1352111","201314",320,368
"1352111","201415",306,366
"1352111","201516",313,385
"1352211","201314",284,318
"1352211","201415",317,339
"1352211","201516",282,346
"1355311","201314",265,308
"1355311","201415",254,278
"1355311","201516",216,281
"1355511","201314",278,268
"1355511","201415",317,293
"1355511","201516",308,276
"1355611","201314",302,320
"1355611","201415",287,329
"1355611","201516",250,291
"1355711","201314",329,295
"1355711","201415",351,321
"1355711","201516",373,342
"1355811","201314",373,315
"1355811","201415",401,350
"1355811","201516",425,374
"1356111","201314",909,NA
"1356111","201415",850,940
"1356111","201516",840,879
"1356311","201314",NA,NA
"1356311","201415",NA,NA
"1356311","201516",NA,NA
"1356411","201314",285,410
"1356411","201415",296,397
"1356411","201516",295,391
"1360311","201314",219,260
"1360311","201415",209,252
"1360311","201516",198,249
"1370111","201314",13,13
"1370111","201415",10,9
"1370111","201516",7,12
"1370211","201314",9,11
"1370211","201415",12,7
"1370211","201516",11,8
"1370411","201314",64,62
"1370411","201415",56,79
"1370411","201516",60,88
"1370511","201314",203,210
"1370511","201415",199,215
"1370511","201516",186,201
"1370611","201314",86,125
"1370611","201415",94,109
"1370611","201516",91,98
"1375111","201314",163,149
"1375111","201415",148,150
"1375111","201516",134,135
"1375211","201314",192,234
"1375211","201415",174,222
"1375211","201516",187,219
"1376111","201314",390,381
"1376111","201415",385,375
"1376111","201516",358,355
"1380311","201314",267,293
"1380311","201415",254,280
"1380311","201516",246,272
"1380411","201314",159,154
"1380411","201415",150,152
"1380411","201516",138,143
"1380811","201314",124,111
"1380811","201415",139,131
"1380811","201516",132,124
"1380911","201314",212,219
"1380911","201415",228,224
"1380911","201516",207,212
"1381011","201314",330,368
"1381011","201415",337,355
"1381011","201516",316,302
"1381311","201314",252,265
"1381311","201415",246,270
"1381311","201516",239,266
"1381411","201314",170,208
"1381411","201415",166,204
"1381411","201516",158,183
"1381511","201314",227,244
"1381511","201415",219,211
"1381511","201516",210,201
"1381611","201314",126,98
"1381611","201415",122,89
"1382211","201516",143,134
"1385211","201314",265,258
"1385211","201415",248,264
"1385211","201516",276,272
"1385311","201314",278,298
"1385311","201415",272,294
"1385311","201516",272,288
"1386111","201314",483,558
"1386111","201415",477,492
"1386111","201516",460,487
"1386211","201314",589,564
"1386211","201415",556,504
"1386211","201516",541,506
"1390311","201314",242,254
"1390311","201415",268,233
"1390311","201516",247,219
"1390411","201314",254,227
"1390411","201415",237,254
"1390411","201516",229,269
"1395111","201314",305,289
"1395111","201415",294,280
"1395111","201516",284,277
"1396111","201314",435,406
"1396111","201415",411,411
"1396111","201516",421,407
"1400111","201314",151,133
"1400111","201415",142,123
"1400111","201516",132,137
"1400211","201314",122,118
"1400211","201415",127,119
"1400211","201516",120,95
"1406211","201314",193,221
"1406211","201415",187,205
"1406211","201516",200,210
"1410111","201314",217,225
"1410111","201415",185,230
"1410111","201516",174,213
"1415111","201314",173,176
"1415111","201415",166,171
"1415111","201516",154,179
"1416111","201314",138,139
"1416111","201415",117,134
"1416111","201516",132,142
"1420111","201314",269,295
"1420111","201415",275,285
"1420111","201516",257,272
"1420211","201314",293,324
"1420211","201415",270,307
"1420211","201516",257,288
"1425111","201314",336,346
"1425111","201415",344,335
"1425111","201516",341,323
"1426111","201314",432,415
"1426111","201415",423,405
"1426111","201516",429,399
"1430111","201314",174,203
"1430111","201415",166,195
"1430111","201516",166,181
"1430211","201314",155,208
"1430211","201415",167,206
"1430211","201516",172,212
"1430811","201314",146,184
"1430811","201415",154,175
"1430811","201516",144,169
"1430911","201314",312,311
"1430911","201415",296,319
"1430911","201516",290,337
"1431311","201314",235,240
"1431311","201415",239,239
"1431311","201516",201,236
"1435111","201314",494,547
"1435111","201415",465,547
"1435111","201516",480,534
"1436111","201314",484,571
"1436111","201415",464,539
"1436111","201516",437,518
"1440111","201314",252,257
"1440111","201415",238,244
"1440111","201516",223,233
"1440311","201314",211,243
"1440311","201415",228,271
"1440311","201516",244,253
"1440411","201314",199,204
"1440411","201415",195,198
"1440411","201516",181,196
"1440811","201314",236,234
"1440811","201415",238,234
"1440811","201516",233,227
"1440911","201314",189,196
"1440911","201415",187,197
"1440911","201516",185,216
"1441011","201314",324,347
"1441011","201415",266,298
"1441011","201516",268,286
"1445111","201314",382,411
"1445111","201415",375,405
"1445111","201516",405,387
"1445211","201314",362,404
"1445211","201415",371,389
"1445211","201516",381,388
"1446111","201314",NA,NA
"1446111","201415",NA,983
"1446111","201516",NA,NA
"1450111","201314",45,33
"1450111","201415",41,39
"1450111","201516",42,38
"1460111","201314",117,139
"1460111","201415",110,128
"1460111","201516",103,116
"1460211","201314",151,172
"1460211","201415",144,173
"1460211","201516",126,148
"1460311","201314",163,166
"1460311","201415",160,159
"1460311","201516",156,166
"1461011","201314",149,157
"1461011","201415",165,181
"1461011","201516",169,165
"1461411","201314",248,254
"1461411","201415",255,239
"1461411","201516",245,257
"1465111","201314",325,337
"1465111","201415",307,345
"1465111","201516",330,352
"1466111","201314",468,458
"1466111","201415",451,421
"1466111","201516",439,381
"1470111","201314",160,143
"1470111","201415",155,158
"1470111","201516",137,159
"1480111","201314",160,167
"1480111","201415",155,176
"1480111","201516",161,170
"1480211","201314",125,140
"1480211","201415",136,152
"1480211","201516",147,160
"1480311","201314",136,153
"1480311","201415",132,155
"1480311","201516",138,129
"1480411","201314",166,177
"1480411","201415",174,160
"1480411","201516",172,165
"1480811","201314",188,188
"1480811","201415",165,175
"1480811","201516",145,176
"1480911","201314",159,200
"1480911","201415",180,190
"1480911","201516",160,169
"1481011","201314",180,163
"1481011","201415",189,166
"1481011","201516",172,193
"1481211","201314",186,188
"1481211","201415",164,206
"1481211","201516",148,178
"1485211","201314",357,343
"1485211","201415",347,348
"1485211","201516",369,364
"1485311","201314",338,343
"1485311","201415",353,349
"1485311","201516",349,347
"1486111","201314",614,484
"1486111","201415",611,479
"1486111","201516",593,480
"1486211","201314",458,434
"1486211","201415",439,417
"1486211","201516",433,416
"1510511","201314",275,272
"1510511","201415",276,285
"1510511","201516",291,284
"1510611","201314",242,272
"1510611","201415",245,266
"1510611","201516",249,246
"1510711","201314",363,421
"1510711","201415",385,432
"1510711","201516",361,427
"1510811","201314",178,189
"1510811","201415",183,183
"1510811","201516",156,168
"1510911","201314",262,285
"1510911","201415",262,266
"1510911","201516",243,272
"1511111","201314",276,325
"1511111","201415",271,332
"1511111","201516",265,292
"1511311","201314",251,234
"1511311","201415",244,232
"1511311","201516",237,253
"1511411","201314",267,248
"1511411","201415",257,256
"1511411","201516",261,280
"1511611","201314",230,234
"1511611","201415",240,224
"1511611","201516",231,232
"1512011","201314",233,239
"1512011","201415",233,228
"1512011","201516",216,249
"1512111","201314",260,312
"1512111","201415",270,302
"1512111","201516",269,322
"1512211","201314",242,217
"1512211","201415",228,227
"1512211","201516",182,190
"1512311","201314",181,156
"1512311","201415",170,170
"1512311","201516",141,169
"1512611","201314",250,268
"1512611","201415",240,266
"1512611","201516",235,244
"1512711","201314",235,211
"1512711","201415",257,230
"1512711","201516",255,249
"1512811","201314",129,132
"1512811","201415",139,140
"1512811","201516",126,130
"1513111","201314",266,336
"1513111","201415",276,316
"1513111","201516",295,295
"1513211","201314",197,220
"1513211","201415",197,249
"1513211","201516",195,236
"1513311","201314",315,299
"1513311","201415",317,295
"1513311","201516",316,297
"1513411","201314",185,193
"1513411","201415",206,223
"1513411","201516",197,237
"1515011","201314",201,130
"1515011","201415",217,113
"1515011","201516",213,118
"1515111","201314",585,586
"1515111","201415",568,591
"1515111","201516",600,582
"1515211","201314",472,516
"1515211","201415",471,550
"1515211","201516",477,543
"1515311","201314",505,545
"1515311","201415",460,556
"1515311","201516",464,525
"1516011","201314",308,181
"1516011","201415",323,167
"1516011","201516",327,161
"1516211","201314",659,730
"1516211","201415",595,692
"1516211","201516",543,649
"1516311","201314",599,693
"1516311","201415",564,672
"1516311","201516",508,664
"1516411","201314",600,686
"1516411","201415",623,681
"1516411","201516",644,657
"1516711","201314",139,106
"1516711","201415",268,201
"1516711","201516",388,305
"1520211","201314",182,157
"1520211","201415",183,157
"1520211","201516",164,150
"1520611","201314",184,190
"1520611","201415",178,174
"1520611","201516",184,170
"1520711","201314",165,197
"1520711","201415",152,196
"1520711","201516",162,182
"1525111","201314",319,345
"1525111","201415",318,338
"1525111","201516",330,339
"1526111","201314",391,416
"1526111","201415",413,414
"1526111","201516",405,413
"1530211","201314",317,360
"1530211","201415",289,359
"1530211","201516",270,367
"1530311","201314",119,167
"1530311","201415",129,165
"1530311","201516",125,164
"1530411","201314",167,171
"1530411","201415",167,181
"1530411","201516",176,184
"1535111","201314",364,370
"1535111","201415",328,352
"1535111","201516",314,351
"1536111","201314",444,438
"1536111","201415",427,434
"1536111","201516",423,437
"1540211","201314",131,162
"1540211","201415",129,142
"1540211","201516",137,124
"1545111","201314",134,128
"1545111","201415",113,123
"1545111","201516",98,129
"1546111","201314",130,147
"1546111","201415",142,152
"1546111","201516",146,141
"1550211","201314",178,186
"1550211","201415",174,195
"1550211","201516",172,192
"1550411","201314",238,229
"1550411","201415",236,219
"1550411","201516",233,197
"1550511","201314",165,150
"1550511","201415",172,144
"1550511","201516",175,147
"1550611","201314",268,264
"1550611","201415",249,256
"1550611","201516",250,237
"1550911","201314",171,159
"1550911","201415",169,166
"1550911","201516",151,150
"1551011","201314",158,213
"1551011","201415",156,201
"1551011","201516",161,186
"1551211","201314",244,211
"1551211","201415",235,210
"1551211","201516",225,205
"1551311","201314",254,266
"1551311","201415",240,242
"1551311","201516",196,241
"1551511","201314",244,252
"1551511","201415",227,227
"1551511","201516",231,236
"1551611","201314",216,252
"1551611","201415",204,226
"1551611","201516",200,217
"1551711","201314",174,194
"1551711","201415",162,199
"1551711","201516",171,188
"1555111","201314",446,460
"1555111","201415",455,476
"1555111","201516",447,492
"1555211","201314",387,452
"1555211","201415",411,437
"1555211","201516",414,447
"1555311","201314",202,216
"1555311","201415",200,221
"1555311","201516",214,208
"1556111","201314",741,761
"1556111","201415",730,763
"1556111","201516",741,799
"1556211","201314",721,755
"1556211","201415",728,709
"1556211","201516",737,726
"1560311","201314",237,229
"1560311","201415",253,225
"1560311","201516",236,225
"1560411","201314",233,251
"1560411","201415",221,230
"1560411","201516",209,210
"1560611","201314",177,179
"1560611","201415",155,171
"1560611","201516",141,159
"1560811","201314",146,219
"1560811","201415",134,209
"1560811","201516",120,220
"1561211","201314",230,252
"1561211","201415",214,266
"1561211","201516",222,247
"1561411","201314",239,260
"1561411","201415",239,239
"1561411","201516",242,239
"1565111","201314",416,450
"1565111","201415",439,433
"1565111","201516",404,438
"1565311","201314",420,442
"1565311","201415",411,449
"1565311","201516",464,437
"1566111","201314",800,765
"1566111","201415",771,756
"1566111","201516",731,725
"1570111","201314",201,266
"1570111","201415",202,267
"1570111","201516",217,229
"1570211","201314",266,285
"1570211","201415",264,284
"1570211","201516",259,272
"1575111","201314",299,318
"1575111","201415",288,315
"1575111","201516",266,316
"1576111","201314",364,411
"1576111","201415",366,415
"1576111","201516",396,444
"1580311","201314",228,223
"1580311","201415",199,211
"1580311","201516",189,215
"1580411","201314",229,217
"1580411","201415",231,224
"1580411","201516",211,200
"1580511","201314",243,255
"1580511","201415",257,241
"1580511","201516",244,241
"1580711","201314",275,303
"1580711","201415",274,286
"1580711","201516",280,280
"1580811","201314",232,291
"1580811","201415",231,287
"1580811","201516",240,276
"1585111","201314",395,463
"1585111","201415",412,441
"1585111","201516",392,443
"1585311","201314",269,264
"1585311","201415",266,282
"1585311","201516",270,258
"1586111","201314",917,917
"1586111","201415",932,922
"1586111","201516",924,961
"1590211","201314",229,210
"1590211","201415",210,209
"1590211","201516",206,218
"1590811","201314",175,184
"1590811","201415",177,176
"1590811","201516",174,179
"1591011","201314",159,148
"1591011","201415",159,153
"1591011","201516",165,161
"1591111","201314",225,203
"1591111","201415",219,209
"1591111","201516",228,198
"1591211","201314",186,196
"1591211","201415",186,188
"1591211","201516",169,193
"1595211","201314",310,289
"1595211","201415",277,277
"1595211","201516",276,268
"1596111","201314",562,625
"1596111","201415",586,592
"1596111","201516",589,596
"1600111","201314",89,104
"1600111","201415",103,126
"1600111","201516",115,133
"1605111","201314",126,138
"1605111","201415",96,104
"1605111","201516",86,100
"1610511","201314",434,451
"1610511","201415",411,452
"1610511","201516",375,438
"1610711","201314",497,521
"1610711","201415",499,479
"1610711","201516",505,466
"1615211","201314",538,519
"1615211","201415",513,534
"1615211","201516",483,535
"1616111","201314",649,669
"1616111","201415",678,674
"1616111","201516",692,644
"1620411","201314",97,123
"1620411","201415",80,106
"1620411","201516",61,88
"1625111","201314",76,89
"1625111","201415",71,78
"1625111","201516",92,79
"1630111","201314",163,181
"1630111","201415",147,193
"1630111","201516",132,186
"1630311","201314",232,234
"1630311","201415",241,210
"1630311","201516",244,228
"1630411","201314",148,152
"1630411","201415",218,210
"1630411","201516",273,278
"1630511","201314",146,157
"1630511","201415",129,153
"1630511","201516",129,146
"1630611","201314",143,150
"1630611","201415",144,136
"1630611","201516",131,133
"1635111","201314",309,356
"1635111","201415",278,301
"1635111","201516",274,289
"1636111","201314",284,340
"1636111","201415",228,299
"1636111","201516",230,331
"1640111","201314",128,130
"1640111","201415",115,138
"1640111","201516",145,143
"1640511","201314",129,120
"1640511","201415",127,124
"1640511","201516",128,158
"1640811","201314",215,211
"1640811","201415",187,230
"1640811","201516",188,218
"1640911","201314",203,248
"1640911","201415",196,235
"1640911","201516",186,219
"1645311","201314",367,358
"1645311","201415",331,340
"1645311","201516",317,356
"1646111","201314",531,609
"1646111","201415",548,568
"1646111","201516",544,552
"1650111","201314",211,198
"1650111","201415",208,229
"1650111","201516",217,211
"1650411","201314",179,200
"1650411","201415",188,187
"1650411","201516",199,182
"1655111","201314",175,180
"1655111","201415",177,178
"1655111","201516",163,185
"1656111","201314",229,294
"1656111","201415",208,249
"1656111","201516",205,229
"1660211","201314",166,176
"1660211","201415",159,162
"1660211","201516",153,159
"1660511","201314",184,175
"1660511","201415",163,166
"1660511","201516",148,181
"1660611","201314",122,158
"1660611","201415",131,156
"1660611","201516",133,152
"1665111","201314",315,341
"1665111","201415",296,342
"1665111","201516",295,309
"1666111","201314",422,424
"1666111","201415",388,385
"1666111","201516",384,416
"1670311","201314",383,385
"1670311","201415",404,392
"1670311","201516",387,384
"1690211","201314",235,238
"1690211","201415",231,228
"1690211","201516",222,202
"1695111","201314",222,204
"1695111","201415",210,200
"1695111","201516",213,219
"2016112","201314",232,196
"2016112","201415",210,194
"2016112","201516",224,206
"2045112","201314",178,179
"2045112","201415",164,168
"2045112","201516",157,158
"2046112","201314",322,299
"2046112","201415",324,311
"2046112","201516",310,290
"2055112","201314",193,196
"2055112","201415",193,193
"2055112","201516",183,200
"2055212","201314",200,185
"2055212","201415",188,204
"2055212","201516",193,182
"2056112","201314",752,825
"2056112","201415",747,777
"2056112","201516",730,756
"2060112","201314",98,76
"2060112","201415",89,61
"2060112","201516",81,68
"2060212","201314",65,73
"2060212","201415",60,65
"2060212","201516",57,59
"2060312","201314",40,40
"2060312","201415",31,35
"2060312","201516",38,40
"2066112","201314",286,266
"2066112","201415",304,263
"2066112","201516",305,271
"2075112","201314",183,177
"2075112","201415",165,167
"2075112","201516",148,167
"2076112","201314",387,329
"2076112","201415",366,327
"2076112","201516",379,340
"2085112","201314",281,327
"2085112","201415",270,285
"2085112","201516",293,274
"2086112","201314",530,588
"2086112","201415",520,574
"2086112","201516",487,536
"2096112","201314",537,527
"2096112","201415",510,539
"2096112","201516",479,529
"2100212","201314",228,266
"2100212","201415",217,251
"2100212","201516",204,238
"2100312","201314",214,230
"2100312","201415",205,212
"2100312","201516",200,199
"2105112","201314",402,429
"2105112","201415",397,412
"2105112","201516",380,406
"2106112","201314",383,413
"2106112","201415",361,417
"2106112","201516",360,418
"2116112","201314",137,150
"2116112","201415",128,141
"2116112","201516",119,126
"2120112","201314",34,30
"2120112","201415",31,24
"2120112","201516",25,28
"2120212","201314",44,41
"2120212","201415",35,43
"2120212","201516",38,39
"2120312","201314",239,253
"2120312","201415",228,233
"2120312","201516",219,220
"2120412","201314",85,70
"2120412","201415",79,74
"2120412","201516",80,79
"2130112","201314",106,118
"2130112","201415",109,128
"2130112","201516",94,102
"2130412","201314",140,190
"2130412","201415",129,164
"2130412","201516",133,133
"2130512","201314",131,123
"2130512","201415",142,97
"2130512","201516",143,95
"2135112","201314",155,179
"2135112","201415",157,181
"2135112","201516",133,185
"2136112","201314",286,290
"2136112","201415",273,283
"2136112","201516",276,280
"2140112","201314",157,126
"2140112","201415",148,116
"2140112","201516",137,119
"2140212","201314",173,206
"2140212","201415",167,192
"2140212","201516",170,195
"2145112","201314",187,184
"2145112","201415",176,188
"2145112","201516",172,167
"2146112","201314",459,342
"2146112","201415",436,315
"2146112","201516",432,318
"2150412","201314",190,183
"2150412","201415",183,195
"2150412","201516",169,203
"2150512","201314",210,220
"2150512","201415",196,195
"2150512","201516",179,174
"2150612","201314",177,190
"2150612","201415",174,174
"2150612","201516",171,158
"2150712","201314",258,295
"2150712","201415",232,289
"2150712","201516",226,291
"2155112","201314",248,282
"2155112","201415",266,279
"2155112","201516",272,277
"2155212","201314",226,245
"2155212","201415",214,246
"2155212","201516",206,240
"2156212","201314",606,648
"2156212","201415",588,616
"2156212","201516",556,629
"2160112","201314",188,234
"2160112","201415",188,232
"2160112","201516",177,203
"2160512","201516",335,281
"2165112","201314",277,283
"2165112","201415",275,295
"2165112","201516",266,302
"2166012","201314",383,332
"2166012","201415",361,319
"2166012","201516",350,335
"2170112","201314",116,135
"2170112","201415",107,128
"2170112","201516",101,119
"2170212","201314",131,176
"2170212","201415",132,167
"2170212","201516",131,147
"2170312","201314",141,151
"2170312","201415",126,138
"2170312","201516",113,143
"2175112","201314",383,417
"2175112","201415",348,414
"2175112","201516",336,410
"2176112","201314",321,298
"2176112","201415",329,286
"2176112","201516",325,293
"2180112","201314",103,104
"2180112","201415",106,109
"2180112","201516",99,105
"2180212","201314",118,128
"2180212","201415",108,113
"2180212","201516",141,125
"2180312","201314",77,82
"2180312","201415",62,64
"2180312","201516",21,25
"2185112","201314",195,170
"2185112","201415",185,167
"2185112","201516",176,175
"2186112","201314",193,235
"2186112","201415",205,232
"2186112","201516",226,234
"2196112","201314",607,589
"2196112","201415",593,559
"2196112","201516",610,543
"2410114","201314",191,219
"2410114","201415",196,239
"2410114","201516",199,252
"2410214","201314",217,224
"2410214","201415",229,217
"2410214","201516",241,216
"2410314","201314",191,201
"2410314","201415",229,239
"2410314","201516",224,231
"2410414","201314",212,203
"2410414","201415",238,227
"2410414","201516",224,243
"2410514","201314",217,188
"2410514","201415",239,220
"2410514","201516",241,227
"2410614","201314",114,103
"2410614","201415",167,146
"2410614","201516",195,159
"2410714","201314",95,127
"2410714","201415",122,175
"2410714","201516",152,191
"2413114","201314",177,165
"2413114","201415",183,174
"2413114","201516",179,175
"2415014","201314",287,373
"2415014","201415",263,401
"2415014","201516",239,415
"2415114","201314",146,416
"2415114","201415",157,479
"2415114","201516",187,515
"2415214","201314",132,272
"2415214","201415",175,344
"2415214","201516",143,312
"2415314","201314",214,113
"2415314","201415",218,110
"2415314","201516",231,106
"2416114","201314",403,319
"2416114","201415",401,335
"2416114","201516",385,341
"2416414","201314",333,105
"2416414","201415",341,116
"2416414","201516",322,118
"2416514","201314",286,75
"2416514","201415",402,127
"2416514","201516",390,127
"2416714","201314",92,97
"2416714","201415",143,160
"2416714","201516",186,213
"2418114","201314",117,165
"2418114","201415",151,205
"2418114","201516",180,225
"2430114","201314",236,235
"2430114","201415",242,217
"2430114","201516",244,224
"2440314","201314",318,313
"2440314","201415",309,322
"2440314","201516",316,316
"2445114","201314",339,372
"2445114","201415",350,363
"2445114","201516",352,374
"2450114","201314",271,262
"2450114","201415",273,260
"2450114","201516",267,268
"2450214","201314",247,266
"2450214","201415",239,273
"2450214","201516",262,243
"2450314","201314",116,119
"2450314","201415",155,152
"2450314","201516",185,185
"2455014","201314",64,54
"2455014","201415",77,61
"2455014","201516",77,68
"2456014","201314",224,168
"2456014","201415",231,176
"2456014","201516",244,190
"2456114","201314",126,127
"2456114","201415",139,133
"2456114","201516",146,125
"2456214","201314",39,22
"2456214","201415",34,27
"2456214","201516",45,22
"2536014","201314",104,40
"2536014","201415",108,33
"2536014","201516",100,29
"2536114","201314",72,55
"2536114","201415",94,66
"2536114","201516",106,73
"2610113","201314",384,320
"2610113","201415",388,328
"2610113","201516",397,337
"2635113","201314",153,172
"2635113","201415",153,175
"2635113","201516",160,168
"2640113","201314",163,167
"2640113","201415",163,168
"2640113","201516",163,168
"2655113","201314",139,107
"2655113","201415",129,133
"2655113","201516",136,135
"2686113","201314",82,98
"2686113","201415",80,100
"2686113","201516",79,107
"2696113","201314",143,134
"2696113","201415",142,133
"2696113","201516",151,128
"2700113","201314",113,122
"2700113","201415",117,118
"2700113","201516",118,118
"2726113","201314",41,42
"2726113","201415",52,36
"2726113","201516",58,34
"2785113","201314",73,89
"2785113","201415",51,68
"2785113","201516",58,67
"2795113","201314",470,467
"2795113","201415",499,485
"2795113","201516",536,500
"2800113","201314",202,200
"2800113","201415",234,239
"2800113","201516",248,251
"2826013","201314",67,80
"2826013","201415",60,81
"2826013","201516",69,81
"2835113","201314",134,126
"2835113","201415",179,181
"2835113","201516",182,178
"2850113","201314",420,415
"2850113","201415",484,493
"2850113","201516",525,491
"2860113","201314",181,180
"2860113","201415",208,195
"2860113","201516",240,222
"2880113","201314",415,455
"2880113","201415",466,488
"2890113","201314",346,278
"2890113","201415",346,289
"2890113","201516",384,319
"2900113","201314",64,51
"2900113","201415",91,59
"2900113","201516",110,76
"2910113","201415",29,41
"2910113","201516",55,58
"2930113","201415",60,72
"2930113","201516",67,76
"2940113","201415",67,60
"2940113","201516",112,114
"2950113","201415",38,53
"2950113","201516",81,99
"2960113","201516",74,90
"2970113","201516",103,146
"3360115","201314",0,9
"3360115","201415",0,8
"3360115","201516",0,6
"3360215","201314",0,NA
"3360215","201415",0,NA
"3360215","201516",0,NA
